rank	motif_DB	motif_ID	motif_alt_ID	consensus	p-value	adj_p-value	E-value	tests	FASTA_max	pos	neg	PWM_min	TP	%TP	FP	%FP
1	motifs.meme	73		GAGGAGTACAC	7.36e-11	1.18e-8	1.18e-6	160	1042	1042	3721	16.3	34	3.26	20	0.54
2	motifs.meme	72		GGGGAGTACAC	2.79e-9	3.65e-7	3.65e-5	131	1042	1042	3721	494	21	2.02	7	0.19
3	motifs.meme	71		GTGGAGTACAC	3.99e-9	6.38e-7	6.38e-5	160	1042	1042	3721	16.2	34	3.26	26	0.70
4	motifs.meme	59		CGTGGCGAGAC	1.21e-7	2.22e-5	2.22e-3	184	1042	1042	3721	33.2	43	4.13	50	1.34
5	motifs.meme	14		TATTTTAAAAA	4.64e-8	2.87e-5	2.87e-3	618	1042	1042	3721	7.27	84	8.06	141	3.79
6	motifs.meme	75		GGAGTGTCGTT	1.43e-6	1.96e-4	1.96e-2	137	1042	1042	3721	494	22	2.11	16	0.43
7	motifs.meme	2		AAAATTCAAAA	5.73e-7	6.07e-4	6.07e-2	1061	1042	1042	3721	14	109	10.46	219	5.89
8	motifs.meme	30		AAATTTGAATTC	1.20e-6	8.73e-4	8.73e-2	730	1042	1042	3721	1.28	172	16.51	405	10.88
9	motifs.meme	74		GGAGTGTCGTA	6.59e-6	8.83e-4	8.83e-2	134	1042	1042	3721	241	18	1.73	12	0.32
10	motifs.meme	11		GGTCTCGCCAC	9.01e-6	1.65e-3	1.65e-1	183	1042	1042	3721	16.4	43	4.13	63	1.69
11	motifs.meme	10		GGTCTCGCCGC	1.19e-5	2.48e-3	2.48e-1	209	1042	1042	3721	2.09e+03	21	2.02	18	0.48
12	motifs.meme	55		CGTAAATCGAC	2.28e-5	4.62e-3	4.62e-1	203	1042	1042	3721	117	18	1.73	14	0.38
13	motifs.meme	18		CGTAAATCGAC	2.28e-5	4.62e-3	4.62e-1	203	1042	1042	3721	117	18	1.73	14	0.38
14	motifs.meme	17		CGCGACGCA	4.44e-5	1.85e-2	1.85e0	420	1042	1042	3721	1.11	118	11.32	274	7.36
15	motifs.meme	16		CGCGACGCG	3.73e-5	1.89e-2	1.89e0	512	1042	1042	3721	2.14	148	14.20	362	9.73
16	motifs.meme	48		CCTGTAGCGCG	5.57e-4	2.70e-2	2.70e0	49	1042	1042	3721	33.8	7	0.67	2	0.05
17	motifs.meme	47		CCTCTAGCGCG	5.23e-4	3.14e-2	3.14e0	61	1042	1042	3721	33.3	10	0.96	6	0.16
18	motifs.meme	15		TATTTCAAAAA	6.09e-5	3.76e-2	3.76e0	630	1042	1042	3721	1.15	170	16.31	434	11.66
19	motifs.meme	57		CGTAAATCCAC	2.44e-4	4.99e-2	4.99e0	210	1042	1042	3721	117	12	1.15	8	0.21
20	motifs.meme	52		CGCGCAAATGA	4.51e-4	9.11e-2	9.11e0	212	1042	1042	3721	7.88	37	3.55	64	1.72
21	motifs.meme	96		CTGCGTATC	4.16e-4	9.99e-2	9.99e0	253	1042	1042	3721	30.8	54	5.18	108	2.90

# AME (Analysis of Motif Enrichment): Version 5.0.4 compiled on Feb  4 2019 at 23:48:13
# The format of this file is described at http://alternate.meme-suite.org//doc/ame-output-format.html.
# ame --verbose 1 --oc . --scoring avg --method fisher --hit-lo-fraction 0.25 --evalue-report-threshold 10.0 --control 3elegansControlf.txt 3f.txt motifs.meme
